{"products":[{"id":"0.5293534314385915","qty":1}],"totalPrice":20.120000000000008}